f1,f2,f3,f4,f5,f6,f7,f8,f9,f10,f11,f12,target
0.510805556614443,0.510805556614443,0.489838307951082,0.063349378396104,0.013609168844067,0.001624038939173,0.014776113063512,0.066101667157661,0.240159755897966,0.004481816037632,0,0,1
0.512142663241413,0.512142663241413,0.491108506813995,0.063509082453041,0.013145586256836,0.001453531337111,0.014827302373058,0.066228604485599,0.241407267794803,0.004485930689277,0.395687214128438,1.44724420376136,1
0.51233495203026,0.51233495203026,0.491247799249558,0.063527508561585,0.013142810762394,0.001451906686899,0.014864325897813,0.066256402039123,0.24154520115314,0.00448947910572,0.456395525026557,1.51346902162332,1
0.512217467693609,0.512217467693609,0.491190637781922,0.063527257941236,0.013156031694308,0.00147251254204,0.014821383962329,0.066245543945114,0.241487769618222,0.004488412060983,0.631705773638102,1.71953334121357,1
0.512172024950027,0.512172024950027,0.491220427692694,0.063535091770304,0.013160880540055,0.001468553397901,0.014767721675937,0.066267028711474,0.241515448795688,0.004491339219266,0.610774961940045,1.6928389696502,1
0.511887399517229,0.511887399517229,0.490850822356303,0.063476044924721,0.013151201278881,0.001456022819611,0.014828847304583,0.066197408653906,0.241154277923766,0.004482016059028,0.347745906103744,1.28414812824599,1
0.512142663241413,0.512142663241413,0.491108506813995,0.063509082453041,0.013145586256836,0.001453531337111,0.014827302373058,0.066228604485599,0.241407267794803,0.004485930689277,0.395687214128438,1.44724420376136,1
0.51233495203026,0.51233495203026,0.491247799249558,0.063527508561585,0.013142810762394,0.001451906686899,0.014864325897813,0.066256402039123,0.24154520115314,0.00448947910572,0.456395525026557,1.51346902162332,1
0.636087062519229,0.636087062519229,0.610410951002089,0.078942674620659,0.017089501432643,0.002054694515425,0.018096681470239,0.082330231337926,0.372928800656923,0.006957346934837,1.29758335585254,1.04385729710866,1
0.638080422642158,0.638080422642158,0.612354405449291,0.079187584535094,0.016598356920534,0.001867811281247,0.018136207753305,0.082537105127259,0.375306620623472,0.006974339613203,1.432748474264,1.53559664867926,1
0.638880383835107,0.638880383835107,0.612878160201844,0.07925583947706,0.016594955795279,0.001868502815686,0.018329685917766,0.082634781856576,0.375955392653317,0.006990091277456,1.43132711716952,1.5793302660832,1
0.638205684919409,0.638205684919409,0.612509088778036,0.079211894953987,0.016630439146001,0.001881469929502,0.01811499709295,0.082564892296649,0.375495318186631,0.006979916922147,1.42870038927992,1.6073314149736,1
0.637021567803062,0.637021567803062,0.611336157862132,0.079058351467762,0.016585785022308,0.001874397259819,0.018107218699431,0.082405911469045,0.374059550697749,0.006952643605766,1.41019113656878,1.53496699626244,1
0.637219467265163,0.637219467265163,0.611447159792558,0.079070967959442,0.016565720833973,0.001864109571153,0.0181684378863,0.08242223111775,0.374197501292191,0.006954623552803,1.43151653588991,1.54793391195341,1
0.638080422642158,0.638080422642158,0.612354405449291,0.079187584535094,0.016598356920534,0.001867811281247,0.018136207753305,0.082537105127259,0.375306620623472,0.006974339613203,1.432748474264,1.53559664867926,1
0.638880383835107,0.638880383835107,0.612878160201844,0.07925583947706,0.016594955795279,0.001868502815686,0.018329685917766,0.082634781856576,0.375955392653317,0.006990091277456,1.43132711716952,1.5793302660832,1
0.494679557943476,0.494679557943476,0.474572732423133,0.061381251850474,0.013103144082612,0.001557844888938,0.014170311180088,0.064014867197815,0.225419942213353,0.004201297220164,1.86266955401453,1.26067828310173,1
0.495807567125245,0.495807567125245,0.475451590372345,0.061492220826005,0.012707593627229,0.001412627439456,0.014348280982436,0.064122436653364,0.226259950705965,0.004204641703453,2.11339318939814,1.72078498016089,1
0.496103380770816,0.496103380770816,0.475814106374547,0.061539505321198,0.012729821407992,0.001417507627361,0.01430160278516,0.064165291722753,0.226603463310005,0.004210613270581,2.2047756897596,1.8310292115718,1
0.496007080111186,0.496007080111186,0.475628492694832,0.061509286069898,0.01270031032604,0.001395988330998,0.014364347123497,0.064143844530479,0.22642865997513,0.004207156793676,2.13687312254501,1.9755577988136,1
0.495539734462788,0.495539734462788,0.475137013313619,0.061442254997962,0.012676192739416,0.001394901334593,0.014382594296548,0.064060254002607,0.225961902533272,0.004196006736197,2.05019111067297,1.98377219697909,1
0.495582716869789,0.495582716869789,0.475383956297986,0.061482373148415,0.012692232943653,0.001404450044298,0.01423827901621,0.064092233639842,0.226192499342476,0.004200443616491,2.00135448719306,1.6837377676488,1
0.495807567125245,0.495807567125245,0.475451590372345,0.061492220826005,0.012707593627229,0.001412627439456,0.014348280982436,0.064122436653364,0.226259950705965,0.004204641703453,2.11339318939814,1.72078498016089,1
0.496103380770816,0.496103380770816,0.475814106374547,0.061539505321198,0.012729821407992,0.001417507627361,0.01430160278516,0.064165291722753,0.226603463310005,0.004210613270581,2.2047756897596,1.8310292115718,1
0.620107992122441,0.620107992122441,0.595238128095788,0.076987778331355,0.016446482589549,0.001950484311138,0.017528361182918,0.080263744049831,0.354615467755773,0.006605384254984,1.65765697302414,1.62272846136333,1
0.620787363903664,0.620787363903664,0.59569823663637,0.077043090724453,0.015947730765656,0.001773368711765,0.017686120672091,0.080306603785049,0.355168979463533,0.006595994884538,1.84414932537539,2.01855776821832,1
0.620854203464862,0.620854203464862,0.595739354315015,0.077048696950981,0.015970311365015,0.001779352454149,0.017704035285845,0.080316441811411,0.355218602189829,0.006598269489921,1.9859185142117,1.98887425861928,1
0.621211642469548,0.621211642469548,0.59601846043241,0.077071053524889,0.01595862838797,0.001743132660501,0.017759250202201,0.080347481547481,0.355553185883319,0.006602800314531,1.88987022831074,2.12055623939294,1
0.621020153626159,0.621020153626159,0.595768242133075,0.07703212318183,0.015929358333138,0.001744046343468,0.017803703888309,0.080277677697511,0.355256558891895,0.006590841567803,1.78791032902094,2.13928060771404,1
0.620819745397055,0.620819745397055,0.595745932688221,0.077048516179708,0.015937614219775,0.001766912527876,0.017675240259113,0.080308117796335,0.355225422156697,0.006595911434609,1.71396455745553,2.02237161010593,1
0.620787363903664,0.620787363903664,0.59569823663637,0.077043090724453,0.015947730765656,0.001773368711765,0.017686120672091,0.080306603785049,0.355168979463533,0.006595994884538,1.84414932537539,2.01855776821832,1
0.620854203464862,0.620854203464862,0.595739354315015,0.077048696950981,0.015970311365015,0.001779352454149,0.017704035285845,0.080316441811411,0.355218602189829,0.006598269489921,1.9859185142117,1.98887425861928,1
0.494895665786887,0.494895665786887,0.47452596495322,0.061374703638175,0.013200290853484,0.001585754129441,0.014354530713036,0.064044922534413,0.225380806598409,0.004207637246015,1.92733262432869,1.42941534034919,1
0.495421874391876,0.495421874391876,0.475089786628717,0.061443803110241,0.012796463189429,0.001436019239113,0.014331452315582,0.064073084799764,0.225915558957377,0.004200686995987,2.14159277133324,1.90582130502203,1
0.495229111477574,0.495229111477574,0.474891348013508,0.061417605065605,0.012808465432699,0.001440884859021,0.014335359314035,0.064048652942517,0.225727157943064,0.004197916231429,2.21964839552531,1.98096730439148,1
0.495870127705761,0.495870127705761,0.475433332549894,0.061480212387568,0.012790667049613,0.001417482345212,0.014405299541414,0.064119367760922,0.226244228012606,0.004206372930267,2.17136660367533,2.10200370832083,1
0.496143027128587,0.496143027128587,0.475536430664525,0.06149185289699,0.012778266143048,0.001420650809203,0.014525299356503,0.064136278664119,0.226345740554338,0.004208188622489,2.08833760756211,2.09975814032868,1
0.49608163266575,0.49608163266575,0.475696123748979,0.061521350207593,0.012797190334567,0.001432771600595,0.014369066652555,0.064156442292804,0.226493134579552,0.004211216350001,2.06227450398442,1.92932080080527,1
0.495421872820494,0.495421872820494,0.475089784863421,0.061443802884689,0.012796463480572,0.001436019359794,0.014331452449735,0.064073084622035,0.225915557283871,0.004200686981042,2.14159240049276,1.90581801997784,1
0.495229111477574,0.495229111477574,0.474891348013508,0.061417605065605,0.012808465432699,0.001440884859021,0.014335359314035,0.064048652942517,0.225727157943064,0.004197916231429,2.21964839552531,1.98096730439148,1
0.629929201007781,0.629929201007781,0.604513439310019,0.078182214170338,0.016963041322931,0.002048377950142,0.017912541389755,0.081546499082413,0.365757143539377,0.006826745758311,1.67206818560534,1.50151485041503,1
0.63158852376167,0.63158852376167,0.606102024890437,0.078379383649129,0.01651060152359,0.00187388535099,0.017966497619523,0.081699211713599,0.367682244416309,0.006836115137384,1.87064138878369,1.97199146652985,1
0.631777808490877,0.631777808490877,0.606257904403646,0.078400515511281,0.016512283704702,0.001876339087243,0.017989868182862,0.081729613120483,0.367872066252233,0.006841056346288,1.96136142448561,2.0214717874489,1
0.631113223928533,0.631113223928533,0.605503830662105,0.078293976663729,0.016472700699205,0.001846989348292,0.018052463293321,0.081635956712048,0.366960563116486,0.006824705472812,1.89695962660904,2.11274608012374,1
0.630848285295407,0.630848285295407,0.605319607458494,0.078264448625583,0.01642353309046,0.001839001351881,0.017998414641036,0.081560149299806,0.366735554141341,0.006810922760417,1.80783596116697,2.16984851385969,1
0.631028921678402,0.631028921678402,0.605507928057034,0.078304294398187,0.016444293410109,0.00185998722676,0.017990371270183,0.081633703818567,0.366963288629388,0.006823408691576,1.77580025167131,2.00331690496981,1
0.63158852376167,0.63158852376167,0.606102024890437,0.078379383649129,0.01651060152359,0.00187388535099,0.017966497619523,0.081699211713599,0.367682244416309,0.006836115137384,1.87064138878369,1.97199146652985,1
0.631777808490877,0.631777808490877,0.606257904403646,0.078400515511281,0.016512283704702,0.001876339087243,0.017989868182862,0.081729613120483,0.367872066252233,0.006841056346288,1.96136142448561,2.0214717874489,1
0.587540502445527,0.587540502445527,0.563724781499716,0.072904479692059,0.015705738380369,0.001882817063318,0.016784916669727,0.076028827973437,0.318067174882228,0.005930713189703,1.84659336054895,1.3488765964437,1
0.589509085361563,0.589509085361563,0.565329469653268,0.073107910871381,0.01522074687014,0.001704786096173,0.017044052530394,0.07623355495499,0.319887715318619,0.005946366788009,1.95282518706203,1.81510182879401,1
0.589978647573404,0.589978647573404,0.565937336133221,0.073187661554503,0.01524965584504,0.001706775180949,0.01694701152193,0.076300480488104,0.320572078161625,0.005957285937396,1.95295200260743,1.8209365850107,1
0.589294402481126,0.589294402481126,0.565192365164618,0.073092312423467,0.015220461711018,0.001708584084407,0.016989522130776,0.076211267011423,0.319730861073366,0.005943017053858,1.93811699132587,1.79136112160543,1
0.588621081233495,0.588621081233495,0.564646468156336,0.073023452222262,0.015223434299244,0.001709997297481,0.01689974179513,0.076133666433381,0.319111044873317,0.005931482530376,1.92638402167391,1.76239236447072,1
0.588701930096505,0.588701930096505,0.564820596811803,0.073041226772575,0.015234911712998,0.001706913031069,0.016835148496414,0.076129869743181,0.319305539859588,0.005931263650898,1.94590805031967,1.7359731422685,1
0.589509085361563,0.589509085361563,0.565329469653268,0.073107910871381,0.01522074687014,0.001704786096173,0.017044052530394,0.07623355495499,0.319887715318619,0.005946366788009,1.95282518706203,1.81510182879401,1
0.589978647573404,0.589978647573404,0.565937336133221,0.073187661554503,0.01524965584504,0.001706775180949,0.01694701152193,0.076300480488104,0.320572078161625,0.005957285937396,1.95295200260743,1.8209365850107,1
0.739158654447909,0.739158654447909,0.709727182643127,0.09178015917084,0.019868627559309,0.002373589421101,0.020745166995895,0.095671550338404,0.504142748828268,0.009395257146175,1.31718348505911,1.18645027478579,1
0.740968569232902,0.740968569232902,0.711082737063225,0.091949748389279,0.019264664539531,0.002158830270734,0.021068583063993,0.095838533021552,0.50608224821819,0.009403067971348,1.43653452074173,1.84427120551546,1
0.741405764902023,0.741405764902023,0.711586446505292,0.092016926002329,0.019295861281005,0.002167386442886,0.021021787018996,0.095904767960265,0.506796891769145,0.009416759371463,1.40426657633947,1.85323473033965,1
0.740429913162942,0.740429913162942,0.710699997555558,0.091903984331217,0.019272170914905,0.00216836545872,0.020958976870154,0.09577514653705,0.50553347238444,0.009391413954397,1.40566413038226,1.83774931601258,1
0.739762374883156,0.739762374883156,0.710020107995654,0.091816977020583,0.019241764961838,0.00216055421555,0.020967125560723,0.095695580983569,0.504567881032203,0.009375262334966,1.45612084501361,1.82863239913193,1
0.740189999553958,0.740189999553958,0.710583325864458,0.09188452804592,0.019271843334285,0.00215964254471,0.020873011574299,0.095742711645448,0.505364055153702,0.009385292998171,1.46459555306386,1.82185357297132,1
0.740968569232902,0.740968569232902,0.711082737063225,0.091949748389279,0.019264664539531,0.002158830270734,0.021068583063993,0.095838533021552,0.50608224821819,0.009403067971348,1.43653452074173,1.84427120551546,1
0.741405764902023,0.741405764902023,0.711586446505292,0.092016926002329,0.019295861281005,0.002167386442886,0.021021787018996,0.095904767960265,0.506796891769145,0.009416759371463,1.40426657633947,1.85323473033965,1
0.461735582662161,0.461735582662161,0.44248292170821,0.057210597311416,0.012663344388006,0.001542891872156,0.013568381497463,0.059753967310346,0.195975114245909,0.003671387956926,2.8679268691708,2.22833649744687,1
0.465711810883629,0.465711810883629,0.446936515318306,0.057781275991685,0.012430098616019,0.001428817947795,0.013236773051739,0.060236946219878,0.199927344077587,0.003722522213335,2.93581653273815,2.29128215362906,1
0.466091129420699,0.466091129420699,0.447266943514936,0.057823070489484,0.012448264890951,0.001429584130862,0.013271065544469,0.060281419521077,0.200223722527758,0.00372824467928,2.90476020402536,2.27669161525585,1
0.464442723226934,0.464442723226934,0.445801113398133,0.057649593661811,0.012483887382718,0.001475582638634,0.013140574054556,0.060107831011732,0.198911192277041,0.003708582937304,2.88574513212785,2.3391088081224,1
0.462749733899178,0.462749733899178,0.44476318399887,0.057517755111502,0.012508238376779,0.001472952909026,0.012681451923065,0.059918904783655,0.197975001850874,0.003686893258589,2.88288324013524,2.40548531096899,1
0.463604010516135,0.463604010516135,0.444607488064578,0.057478376270112,0.012360097565645,0.001424298564063,0.013391677861645,0.059951403787018,0.19785503592102,0.003687039980932,2.91982683710904,2.3348365691559,1
0.465711810883629,0.465711810883629,0.446936515318306,0.057781275991685,0.012430098616019,0.001428817947795,0.013236773051739,0.060236946219878,0.199927344077587,0.003722522213335,2.93581653273815,2.29128215362906,1
0.466091129420699,0.466091129420699,0.447266943514936,0.057823070489484,0.012448264890951,0.001429584130862,0.013271065544469,0.060281419521077,0.200223722527758,0.00372824467928,2.90476020402536,2.27669161525585,1
0.56286599470077,0.56286599470077,0.539975155414141,0.069817756216029,0.015664744261476,0.001930099907113,0.016133450532561,0.072857114866126,0.291833283165129,0.005465074079616,2.79404767164649,2.43563692407947,1
0.560144361012649,0.560144361012649,0.537557534409219,0.069499831003409,0.014999532817243,0.001726192226606,0.015922567985769,0.072458442217089,0.289221461952601,0.005387708069121,2.838219873845,2.28494249103001,1
0.55863114270944,0.55863114270944,0.536597899777794,0.069370079648307,0.015032126497288,0.001735638874661,0.015535988596097,0.072253284728875,0.288178512076302,0.005359493028574,2.84262446300928,2.29868946413734,1
0.562314644748278,0.562314644748278,0.539863227113339,0.069804938015868,0.015140102805563,0.001779315974305,0.015827896229344,0.07274853702687,0.291702659273409,0.005433366525187,2.93202523118615,2.36346135517751,1
0.564981550751568,0.564981550751568,0.54228054649695,0.070125028932624,0.015212066013574,0.001787824602135,0.016001851527841,0.073133224714717,0.294324079655182,0.005490734366955,2.87011181066674,2.40930646343628,1
0.564587469232614,0.564587469232614,0.541825438905171,0.070048648380846,0.015245150261622,0.0017726655408,0.01604700167128,0.073020340604297,0.293832140836576,0.005475518579434,2.83568244091362,2.42804181028362,1
0.560144361012649,0.560144361012649,0.537557534409219,0.069499831003409,0.014999532817243,0.001726192226606,0.015922567985769,0.072458442217089,0.289221461952601,0.005387708069121,2.838219873845,2.28494249103001,1
0.55863114270944,0.55863114270944,0.536597899777794,0.069370079648307,0.015032126497288,0.001735638874661,0.015535988596097,0.072253284728875,0.288178512076302,0.005359493028574,2.84262446300928,2.29868946413734,1
0.676871883536857,0.676871883536857,0.649693606895554,0.083995422864463,0.018115458844291,0.002096649470433,0.01915853036417,0.087532215049098,0.422468587427144,0.007862360376017,2.88007984054218,2.37731228345564,2
0.678899226715374,0.678899226715374,0.652082857677213,0.084303828097269,0.018050127752782,0.002047470656141,0.018907399349412,0.087794947401476,0.425569304700138,0.007905294021299,2.87854272159237,2.39126979578265,2
0.678652268904131,0.678652268904131,0.651363526733539,0.084214247380109,0.018034344080491,0.002059630184402,0.019237417579809,0.087772435277053,0.424644275475069,0.007900837954304,2.91825544152224,2.32234264944864,2
0.677217857750783,0.677217857750783,0.650289400080348,0.084072000083139,0.017983869538517,0.002036324129651,0.018985123807055,0.087586140664762,0.423236498492877,0.007866896066183,2.87271107707475,2.37230648847006,2
0.676253893100846,0.676253893100846,0.649453956603276,0.083956886195214,0.017972325402341,0.002031220812173,0.018896696854231,0.08742981297372,0.422147288842882,0.007839577140377,2.91643827341697,2.31156753360474,2
0.676926036624015,0.676926036624015,0.649557169482032,0.083977084506832,0.017941870570547,0.00203535198708,0.019293741732752,0.087525109431005,0.422296516729911,0.007854878087464,2.86994405538864,2.38170540943236,2
0.678899226715374,0.678899226715374,0.652082857677213,0.084303828097269,0.018050127752782,0.002047470656141,0.018907399349412,0.087794947401476,0.425569304700138,0.007905294021299,2.87854272159237,2.39126979578265,2
0.678652268904131,0.678652268904131,0.651363526733539,0.084214247380109,0.018034344080491,0.002059630184402,0.019237417579809,0.087772435277053,0.424644275475069,0.007900837954304,2.91825544152224,2.32234264944864,2
0.801012555695329,0.801012555695329,0.769249855599812,0.099441860738368,0.021429271049827,0.002471957863277,0.022392629782387,0.103560468365498,0.592246435922324,0.011005238089007,2.97937408151739,2.37644830532374,2
0.803930194830782,0.803930194830782,0.772489372390571,0.099863208663112,0.021478552578524,0.002447115711777,0.022169348323842,0.103947986983808,0.597230982808147,0.011086425818888,3.00837787466931,2.39886906505077,2
0.803595173236108,0.803595173236108,0.77154458626611,0.099744141965929,0.021352931613676,0.00242508997162,0.022596180072421,0.103889441745886,0.595791295558839,0.011069080192999,2.93110259166823,2.39991659962374,2
0.80039372666753,0.80039372666753,0.768901509478603,0.099409905258338,0.021398279516391,0.002456445941597,0.022203783414381,0.103506575550851,0.591702210604389,0.010992937362155,2.89318048827844,2.42237337223393,2
0.798449415716203,0.798449415716203,0.767306648392716,0.099197195487166,0.021284780349187,0.002423237386246,0.021959648899094,0.103242355636817,0.589241397363313,0.010934376138662,2.93900355259205,2.39171912223831,2
0.800878466013413,0.800878466013413,0.768863617476642,0.099391403620493,0.021249346919742,0.002407610369428,0.022571340883064,0.103528230890974,0.591660388064908,0.010990994426074,2.97211502866716,2.3770309901806,2
0.803930194830782,0.803930194830782,0.772489372390571,0.099863208663112,0.021478552578524,0.002447115711777,0.022169348323842,0.103947986983808,0.597230982808147,0.011086425818888,3.00837787466931,2.39886906505077,2
0.803595173236108,0.803595173236108,0.77154458626611,0.099744141965929,0.021352931613676,0.00242508997162,0.022596180072421,0.103889441745886,0.595791295558839,0.011069080192999,2.93110259166823,2.39991659962374,2
0.797459080640977,0.797459080640977,0.765323990505307,0.098930759171159,0.021699449646323,0.002554616443777,0.02265268443005,0.103120488801474,0.586233612458781,0.010927470738764,2.94808990625704,2.24012692514577,2
0.799018281582425,0.799018281582425,0.766791945364404,0.099115815749494,0.021467359184114,0.002467691748934,0.022719045356667,0.103289701731769,0.588485698394299,0.010951797286114,2.94691726851054,2.32737723348673,2
0.800276498169824,0.800276498169824,0.76761640961962,0.099224412101782,0.021445890748023,0.002464519069946,0.023022586583277,0.103459517159281,0.589764638450637,0.010985400059294,2.9364942409583,2.27036819647091,2
0.799877981049513,0.799877981049513,0.767841110795779,0.099258428887656,0.021587427170739,0.002499313231923,0.022585417767813,0.103413097039458,0.590089732456445,0.010982047840489,2.95150889967179,2.35979179764967,2
0.798750479935662,0.798750479935662,0.766380639797279,0.09907234578072,0.021535313720679,0.002492974541586,0.022818240342411,0.103278189992781,0.587859610033684,0.010952381189763,2.94978818930582,2.33564617634932,2
0.79833150971088,0.79833150971088,0.766173220855834,0.09903791302188,0.021479103088589,0.002469842058068,0.022671095122585,0.103207746248919,0.587535040258288,0.010935660107175,2.96893859726864,2.24506110886157,2
0.799018281582425,0.799018281582425,0.766791945364404,0.099115815749494,0.021467359184114,0.002467691748934,0.022719045356667,0.103289701731769,0.588485698394299,0.010951797286114,2.94691726851054,2.32737723348673,2
0.800276498169824,0.800276498169824,0.76761640961962,0.099224412101782,0.021445890748023,0.002464519069946,0.023022586583277,0.103459517159281,0.589764638450637,0.010985400059294,2.9364942409583,2.27036819647091,2
0.95157883104366,0.95157883104366,0.913632786562109,0.118100954554292,0.026006996747118,0.003083841536646,0.026750102033151,0.123030012151508,0.835439959594721,0.015560474704971,2.99257364941847,2.32656114038928,2
0.953261239890674,0.953261239890674,0.915113581653304,0.118289412759958,0.025731141724561,0.002978950540135,0.026894329298648,0.123223892313099,0.838155690071463,0.015593150497293,2.9570114566465,2.33408699512708,2
0.953554446962354,0.953554446962354,0.915221715053319,0.118305219887394,0.025913750676535,0.003021691053593,0.027023105849594,0.123253568353824,0.838360549122731,0.015609773884211,2.9420433171019,2.3355383606615,2
0.95395372525805,0.95395372525805,0.915701051389603,0.118361343668226,0.025726639288302,0.002966216648363,0.026968352341275,0.123299372126952,0.839235222682675,0.015611216216523,2.93510544603793,2.34453546053548,2
0.952711070343836,0.952711070343836,0.914271939627925,0.118180582163703,0.0256989167984,0.002977670868447,0.027097797441045,0.123154202761948,0.836626980690078,0.01557460935491,2.95215502641953,2.33270012667072,2
0.952215583585566,0.952215583585566,0.914148301612593,0.11816498697178,0.025747574050905,0.002988013599168,0.026837581278612,0.123086597030545,0.836386892939562,0.015560742765257,2.96864063508408,2.33186073455671,2
0.953261239890674,0.953261239890674,0.915113581653304,0.118289412759958,0.025731141724561,0.002978950540135,0.026894329298648,0.123223892313099,0.838155690071463,0.015593150497293,2.9570114566465,2.33408699512708,2
0.953554446962354,0.953554446962354,0.915221715053319,0.118305219887394,0.025913750676535,0.003021691053593,0.027023105849594,0.123253568353824,0.838360549122731,0.015609773884211,2.9420433171019,2.3355383606615,2
0.425534770817337,0.425534770817337,0.408938744673993,0.052846181184447,0.01192626868317,0.001429124088545,0.01170229651912,0.055008427037457,0.167367749343533,0.003117730812419,2.94166460763987,2.29210988349688,2
0.424143605168568,0.424143605168568,0.406907219730703,0.052589591977078,0.011726544365843,0.001382744705936,0.012149492610369,0.054818850071389,0.16572099723288,0.003092533060528,2.92103009767163,2.33714291276907,2
0.426500361185553,0.426500361185553,0.410236280520103,0.053008067852498,0.01199427578051,0.001421786712805,0.011471400906553,0.055105376634348,0.168425311165035,0.003129855143279,2.92749322705091,2.35989371988993,2
0.428111728339218,0.428111728339218,0.410584095721116,0.053064551765187,0.011810752235764,0.001399094045851,0.012353344828151,0.055342443037844,0.168731803050818,0.003151233436415,2.89191661875609,2.36493944572955,2
0.427894970633152,0.427894970633152,0.41060083592937,0.05307618652548,0.011831343819103,0.001411561762884,0.012190664493675,0.055344719694465,0.168741559691828,0.003151968061324,2.8919779404525,2.35237862391768,2
0.426157597563004,0.426157597563004,0.409614883942467,0.052931641981529,0.011813706726384,0.001384846024871,0.011665988453202,0.055073818089853,0.1679203577036,0.003122137014961,2.94242833881918,2.31516829467876,2
0.424143605168568,0.424143605168568,0.406907219730703,0.052589591977078,0.011726544365843,0.001382744705936,0.012149492610369,0.054818850071389,0.16572099723288,0.003092533060528,2.92103009767163,2.33714291276907,2
0.426500361185553,0.426500361185553,0.410236280520103,0.053008067852498,0.01199427578051,0.001421786712805,0.011471400906553,0.055105376634348,0.168425311165035,0.003129855143279,2.92749322705091,2.35989371988993,2
0.522055833597155,0.522055833597155,0.501887711955183,0.064856965195463,0.014938803355627,0.00182178264591,0.014220741131549,0.067470126021187,0.252093370070287,0.004699515452591,2.94382868638816,2.37486079429407,2
0.51937492216058,0.51937492216058,0.498761993503053,0.064452163236652,0.01453740949257,0.001740702208006,0.0145327474701,0.067108898645445,0.248974586111671,0.004639880480869,2.89916229204767,2.41048701800804,2
0.517584690580651,0.517584690580651,0.497077273821491,0.06423292336328,0.014288684226539,0.001663586259296,0.014458703199629,0.066876547195928,0.247294730878623,0.004602097852361,2.91218422194897,2.33597329260922,2
0.520252710183772,0.520252710183772,0.500420995284853,0.064661966344579,0.014659558300638,0.001747451181486,0.013986029696805,0.067198260985052,0.250616651142545,0.004655248824328,3.00436588396786,2.35376137508697,2
0.523005169065455,0.523005169065455,0.501112858493522,0.064765838899803,0.014601734192594,0.001746651523425,0.015427920624602,0.067582627421257,0.251351959001857,0.004704498645106,2.9570661585988,2.32640936911484,2
0.522557185182969,0.522557185182969,0.502377611166035,0.064918013965203,0.014811782119129,0.001773054610572,0.014229915072261,0.067517721119192,0.2525856196902,0.004702054176921,2.94079384770515,2.38097636413488,2
0.51937492216058,0.51937492216058,0.498761993503053,0.064452163236652,0.01453740949257,0.001740702208006,0.0145327474701,0.067108898645445,0.248974586111671,0.004639880480869,2.89916229204767,2.41048701800804,2
0.517584690580651,0.517584690580651,0.497077273821491,0.06423292336328,0.014288684226539,0.001663586259296,0.014458703199629,0.066876547195928,0.247294730878623,0.004602097852361,2.91218422194897,2.33597329260922,2
0.74877665745699,0.74877665745699,0.718568517813074,0.092896942950952,0.020026385096304,0.002365922059845,0.021295067472671,0.096781553943618,0.516793892370812,0.009611614130705,2.93611493088961,2.53184596789747,2
0.748579278275638,0.748579278275638,0.718803666736957,0.092930288281534,0.019825189143273,0.002291745842334,0.020993942010627,0.096770266659551,0.517119163085237,0.009601447892104,2.88000133707955,2.53929598218292,2
0.748511095268949,0.748511095268949,0.71877457441619,0.092923219420667,0.019849396745619,0.002299201757105,0.020967534335505,0.096737110473807,0.517076233231622,0.00959609928494,2.894795169685,2.58355702851263,2
0.748328257980701,0.748328257980701,0.718083681572496,0.092859859393171,0.019907810037243,0.002369368762038,0.021319362424778,0.096760094358305,0.516098385944766,0.009602794829703,2.94382588893187,2.57450481997464,2
0.748676504328333,0.748676504328333,0.719423600325448,0.093037516193441,0.019941157234565,0.0023542252911,0.020624020850859,0.096873551083124,0.517995383374461,0.009625726569651,2.96423159612192,2.53806571692309,2
0.748778544237374,0.748778544237374,0.718353533985042,0.092868760958696,0.019836951628583,0.002299709740136,0.021449390688763,0.096768825456772,0.516491569432144,0.009601640137193,2.92905170743389,2.53528603788423,2
0.748579278275638,0.748579278275638,0.718803666736957,0.092930288281534,0.019825189143273,0.002291745842334,0.020993942010627,0.096770266659551,0.517119163085237,0.009601447892104,2.88000133707955,2.53929598218292,2
0.748511095268949,0.748511095268949,0.71877457441619,0.092923219420667,0.019849396745619,0.002299201757105,0.020967534335505,0.096737110473807,0.517076233231622,0.00959609928494,2.894795169685,2.58355702851263,2
0.962378162768356,0.962378162768356,0.92564104849896,0.119665729971192,0.025868534088119,0.003032232350458,0.025907139868932,0.124414680402351,0.857482083109177,0.015890210210494,2.84964355752521,2.47807070640354,2
0.959200293580541,0.959200293580541,0.920172898063386,0.1189603817188,0.025458332945676,0.002945115046204,0.027511965546224,0.123962400589246,0.847474565973089,0.015758692196891,2.80515511505892,2.47908722761426,2
0.960623230001287,0.960623230001287,0.924067894061143,0.119452161852546,0.025742105663728,0.002967754707038,0.025784113451091,0.124151217960727,0.854565850127384,0.015819288843116,2.82218027966938,2.49464431348675,2
0.960306020806231,0.960306020806231,0.921783085297921,0.11918292193364,0.025529160766431,0.002994838884392,0.027156582759023,0.124153392653603,0.850421044675175,0.015808901875048,2.83720010155467,2.51072601002652,2
0.961820256244108,0.961820256244108,0.923393366852793,0.119411096071703,0.025425818120481,0.0029724967012,0.02708807356246,0.12443738009746,0.853388584501243,0.015873056099857,2.86013399462352,2.45171349989307,2
0.96205066749678,0.96205066749678,0.924972476347343,0.11957921773237,0.025659638469074,0.002960341585163,0.026148884477695,0.124355050464748,0.85625739031679,0.015864859312852,2.86098576267172,2.48001218552769,2
0.959200293580541,0.959200293580541,0.920172898063386,0.1189603817188,0.025458332945676,0.002945115046204,0.027511965546224,0.123962400589246,0.847474565973089,0.015758692196891,2.80515511505892,2.47908722761426,2
0.960623230001287,0.960623230001287,0.924067894061143,0.119452161852546,0.025742105663728,0.002967754707038,0.025784113451091,0.124151217960727,0.854565850127384,0.015819288843116,2.82218027966938,2.49464431348675,2
0.463862904862082,0.463862904862082,0.444908037827022,0.057494649527577,0.012841164859937,0.00153091548647,0.013361425638154,0.059952668280771,0.198121570799712,0.003699312575045,2.91098411993499,2.27439397033252,2
0.466617609158573,0.466617609158573,0.447975659605622,0.057890653248562,0.012810161581096,0.001495079111266,0.013143560231609,0.060306711685725,0.200854829605871,0.00374038472284,2.90631884698985,2.29534575246158,2
0.467030509393193,0.467030509393193,0.448345571345876,0.057937307184094,0.012831041770013,0.001497567236246,0.013173757931703,0.060355553900546,0.201187183544904,0.003746715304768,2.93344909039402,2.30558652514597,2
0.465288583563841,0.465288583563841,0.446811837972241,0.057755589035232,0.012905654772672,0.001545476392795,0.013024723706856,0.060172312088096,0.199810348884153,0.003726917948105,2.92991654057636,2.35438653614016,2
0.463690483626728,0.463690483626728,0.445823534745266,0.057628021212673,0.012939300578865,0.00154672425697,0.012598447980717,0.059984871341317,0.198917239210359,0.003705640542807,2.91987005838024,2.39480591374025,2
0.46460801204566,0.46460801204566,0.445739908620447,0.057600057438317,0.012721218385656,0.001483843514869,0.013301692115655,0.060034330855018,0.198860883193429,0.003705881597072,2.90798833015814,2.2773642079175,2
0.466617609158573,0.466617609158573,0.447975659605622,0.057890653248562,0.012810161581096,0.001495079111266,0.013143560231609,0.060306711685725,0.200854829605871,0.00374038472284,2.90631884698985,2.29534575246158,2
0.467030509393193,0.467030509393193,0.448345571345876,0.057937307184094,0.012831041770013,0.001497567236246,0.013173757931703,0.060355553900546,0.201187183544904,0.003746715304768,2.93344909039402,2.30558652514597,2
0.564767696436765,0.564767696436765,0.542117415939537,0.070054520478752,0.0161888201421,0.001987933242201,0.015967500125266,0.072967178405492,0.294146083751171,0.005497550203311,2.99360543494591,2.38869838967932,2
0.561008188817343,0.561008188817343,0.538601614597425,0.069602008389766,0.015671701066893,0.001858460098848,0.015796764229432,0.072486157883308,0.290341070648567,0.005412274580936,2.97666036043226,2.37581782759445,2
0.559629171072069,0.559629171072069,0.537743561439267,0.069485036214871,0.015724736450988,0.001873572365058,0.015433012148847,0.072300300078524,0.289406156948131,0.005387478504707,2.95932786678604,2.38064766345173,2
0.563456880542849,0.563456880542849,0.541159610872019,0.069938617960787,0.015877930665345,0.001928885338825,0.01571953433209,0.072815639850081,0.293100663462934,0.005465857465544,2.97514384753008,2.45592569587417,2
0.566094032555276,0.566094032555276,0.543570470753957,0.070257274906854,0.015965776169871,0.001942395650682,0.015878257246555,0.073190469926756,0.295720807649499,0.005522470148671,2.9793032361962,2.41741071433059,2
0.565417853956493,0.565417853956493,0.542782987132992,0.070137912590577,0.016041664983213,0.001931101057609,0.015958172159187,0.073030795027557,0.294867864604169,0.005501940420751,2.99464315772988,2.41122911050802,2
0.561008188817343,0.561008188817343,0.538601614597425,0.069602008389766,0.015671701066893,0.001858460098848,0.015796764229432,0.072486157883308,0.290341070648567,0.005412274580936,2.97666036043226,2.37581782759445,2
0.559629171072069,0.559629171072069,0.537743561439267,0.069485036214871,0.015724736450988,0.001873572365058,0.015433012148847,0.072300300078524,0.289406156948131,0.005387478504707,2.95932786678604,2.38064766345173,2
0.897820056910502,0.897820056910502,0.861902617759659,0.111469826347708,0.022900204524744,0.002568945452332,0.025319441715059,0.116082638865215,0.74351676924696,0.013775012095755,2.14699081547585,1.9420742632075,3
0.896887664626334,0.896887664626334,0.860543753939313,0.111296407526272,0.022703429643168,0.002502502769219,0.025620592942088,0.115952628481188,0.741191529616811,0.013736374235064,2.18183484594643,2.20176311937756,3
0.896240043294461,0.896240043294461,0.859905733744148,0.111213698751081,0.022701968221109,0.002504018901911,0.025613769956974,0.115870195325717,0.740093498760662,0.013717516489852,2.23834580133751,2.21254892191834,3
0.896316587777083,0.896316587777083,0.860123251741399,0.111233044820696,0.022698224929331,0.002480759564276,0.025515928484822,0.115868840086006,0.740462636750899,0.013717037716104,2.19739042930607,2.21784915992896,3
0.896650573959065,0.896650573959065,0.860199398450706,0.111240090900891,0.022665175725949,0.002480441377925,0.025697942201912,0.115887463167571,0.740602949072213,0.01371978257478,2.15656571441017,2.23591599776254,3
0.8972459332149,0.8972459332149,0.8609186531024,0.111344927997229,0.022694187120017,0.002499259214925,0.025608998566042,0.116000833289379,0.741836310853334,0.013746949564138,2.15312314767023,2.19521987666902,3
0.896887664626334,0.896887664626334,0.860543753939313,0.111296407526272,0.022703429643168,0.002502502769219,0.025620592942088,0.115952628481188,0.741191529616811,0.013736374235064,2.18183484594643,2.20176311937756,3
0.896240043294461,0.896240043294461,0.859905733744148,0.111213698751081,0.022701968221109,0.002504018901911,0.025613769956974,0.115870195325717,0.740093498760662,0.013717516489852,2.23834580133751,2.21254892191834,3
1.03677741341885,1.03677741341885,0.995363035390241,0.128726676325273,0.026584133406169,0.003003326009424,0.029195015901837,0.134046878771967,0.991599352942144,0.018375805762322,1.97249135559763,1.87879964426319,3
1.03641743486383,1.03641743486383,0.994378195777694,0.128602776342348,0.0263813239149,0.002933875917375,0.029635258903784,0.133991750488484,0.989665659309346,0.018350533630488,1.96977685851276,2.20332620416713,3
1.03611601256245,1.03611601256245,0.994169094024059,0.128577471006153,0.026378131479671,0.002935271169286,0.029570494983079,0.133953826087373,0.989246018743379,0.018340372885081,2.00886853988531,2.12652793075495,3
1.03563281890341,1.03563281890341,0.993762376817507,0.128514789984148,0.026348128789354,0.002900138817959,0.029517853041393,0.133878069174036,0.988434384357049,0.018318839006372,2.00452330431852,2.15662153980948,3
1.03524029599342,1.03524029599342,0.99309833104128,0.128424751325766,0.026345860210245,0.002911447309062,0.02970943560945,0.133792420152285,0.987126357247498,0.018296175845587,1.99434345552987,2.19161529163415,3
1.03618704773281,1.03618704773281,0.994313383603439,0.128593329086453,0.026340214635638,0.002921164487533,0.029519656789575,0.133960098859452,0.989529934009802,0.018340026525378,1.97263942079506,2.20753737222707,3
1.03641743486383,1.03641743486383,0.994378195777694,0.128602776342348,0.0263813239149,0.002933875917375,0.029635258903784,0.133991750488484,0.989665659309346,0.018350533630488,1.96977685851276,2.20332620416713,3
1.03611601256245,1.03611601256245,0.994169094024059,0.128577471006153,0.026378131479671,0.002935271169286,0.029570494983079,0.133953826087373,0.989246018743379,0.018340372885081,2.00886853988531,2.12652793075495,3
0.952353712879255,0.952353712879255,0.916200533506945,0.11843674807053,0.023519415801302,0.002305441734583,0.025499948180722,0.123044830381212,0.840073231457396,0.015440859365117,2.23133398089057,2.46419333215244,3
0.951617374815798,0.951617374815798,0.914796085638914,0.118265207460719,0.023449189304928,0.002286154255694,0.025966800050842,0.122963587092908,0.837525703488691,0.015417907500634,2.16726262577511,2.50358439555044,3
0.951710753912079,0.951710753912079,0.915868767817614,0.118394557773483,0.023807286924078,0.002325635279074,0.025282386684531,0.12291067270837,0.839454372807499,0.015422036485216,2.29533425134435,2.45242785311513,3
0.952350416731257,0.952350416731257,0.914936846749031,0.118286089413625,0.023578758006984,0.002338314542788,0.026381036204028,0.123026708044105,0.837804928637548,0.015439269206452,2.25690373345148,2.51790750118332,3
0.953501098782801,0.953501098782801,0.917060623530667,0.118565183692515,0.023819669986863,0.002361838754543,0.025697134141743,0.123232530926235,0.841660089705087,0.015500529078794,2.29059718807318,2.50760212613898,3
0.951278200962203,0.951278200962203,0.914713300510909,0.118247304732047,0.02343526934179,0.002285037782434,0.025789885062108,0.122907760639082,0.837365096890962,0.015403757514014,2.22973822190371,2.51130970951169,3
0.951617374815798,0.951617374815798,0.914796085638914,0.118265207460719,0.023449189304928,0.002286154255694,0.025966800050842,0.122963587092908,0.837525703488691,0.015417907500634,2.16726262577511,2.50358439555044,3
0.951710753912079,0.951710753912079,0.915868767817614,0.118394557773483,0.023807286924078,0.002325635279074,0.025282386684531,0.12291067270837,0.839454372807499,0.015422036485216,2.29533425134435,2.45242785311513,3
1.12119400682745,1.12119400682745,1.07998197948254,0.139600502621119,0.027903508939981,0.002745330006318,0.029075792349467,0.144841836207587,1.16720591410665,0.021408110701883,2.22329246246088,2.43212320421861,3
1.12440781363988,1.12440781363988,1.08012031286767,0.139629483344917,0.027824114936662,0.002749323242815,0.031228423691315,0.145267913551882,1.16763445457262,0.021525235301264,2.17556605389672,2.50911566295318,3
1.12248724666889,1.12248724666889,1.07967730550834,0.139576332917089,0.027800898148685,0.00272264303066,0.030192690933407,0.145050368732352,1.16661407488317,0.021461839249442,2.14730093221809,2.47608717426986,3
1.11539984970952,1.11539984970952,1.07297954563705,0.138719807875839,0.027632496572832,0.002760015165048,0.029918818103854,0.144142193952096,1.1521796442751,0.021194244076216,2.2513153098382,2.47924726885005,3
1.11402578673682,1.11402578673682,1.07090047653175,0.13846145124893,0.027674150572405,0.002739284392602,0.030408129767005,0.143988347995764,1.14775186855562,0.021152958895811,2.2368852027661,2.4233378989965,3
1.11994411366834,1.11994411366834,1.07825048079864,0.139379939586199,0.027803366422096,0.002721240792702,0.029414961337978,0.144683111737803,1.16348876246639,0.021357343292833,2.1917479029243,2.38528652925874,3
1.12440781363988,1.12440781363988,1.08012031286767,0.139629483344917,0.027824114936662,0.002749323242815,0.031228423691315,0.145267913551882,1.16763445457262,0.021525235301264,2.17556605389672,2.50911566295318,3
1.12248724666889,1.12248724666889,1.07967730550834,0.139576332917089,0.027800898148685,0.00272264303066,0.030192690933407,0.145050368732352,1.16661407488317,0.021461839249442,2.14730093221809,2.47608717426986,3
0.20366789961262,0.20366789961262,0.195835384913186,0.025325832064699,0.005094009432544,0.000537188814622,0.005523309314325,0.026344838354884,0.038381984591914,0.000708431931578,2.91990896198048,2.74854460382327,3
0.203547810036335,0.203547810036335,0.195628351068817,0.02530011112635,0.005080971945554,0.000533148176085,0.005584295482741,0.026332312140666,0.038301615308372,0.00070765042754,2.90626296957855,2.74713610154169,3
0.203723165385508,0.203723165385508,0.195854479432715,0.02532942701513,0.005101069864792,0.000536743977457,0.005548909980573,0.026353643011069,0.038389746988898,0.000708960172054,2.91458187534881,2.7382158720171,3
0.203623899158097,0.203623899158097,0.195686670738251,0.025304766848643,0.005073812481002,0.000520052495456,0.005597396518707,0.026335066538799,0.038324583065177,0.000707720373869,2.95296477911959,2.73948589820625,3
0.203332952192142,0.203332952192142,0.195465099457831,0.025273465468104,0.005070307096049,0.000520243903753,0.005549615125394,0.026283748972438,0.038237382801948,0.00070502954976,2.92299903199711,2.76039801266135,3
0.203447791221405,0.203447791221405,0.195519160930606,0.025285493464672,0.005057821405273,0.000526807950555,0.005590959080048,0.026316461056711,0.038258980275227,0.000706595077875,2.87270246483747,2.75064998323147,3
0.203547810036335,0.203547810036335,0.195628351068817,0.02530011112635,0.005080971945554,0.000533148176085,0.005584295482741,0.026332312140666,0.038301615308372,0.00070765042754,2.90626296957855,2.74713610154169,3
0.203723165385508,0.203723165385508,0.195854479432715,0.02532942701513,0.005101069864792,0.000536743977457,0.005548909980573,0.026353643011069,0.038389746988898,0.000708960172054,2.91458187534881,2.7382158720171,3
0.193244975100605,0.193244975100605,0.185797696616157,0.024025841918611,0.004889302488803,0.000521507210135,0.005251482225935,0.024990033871042,0.034548343748062,0.000637998708488,2.94474050722164,2.64637040276532,3
0.193140587757363,0.193140587757363,0.185649114637288,0.024008177131003,0.004861478446258,0.00051381293469,0.005282634685969,0.024980592085376,0.034493481390682,0.000637263453937,2.91364266413604,2.65089485623293,3
0.192903528412833,0.192903528412833,0.185492032106589,0.023987657135854,0.004876339020315,0.000518222541182,0.005226638916987,0.024949304040414,0.034434593517564,0.000635871991474,2.91826268347758,2.6412491432352,3
0.192728796865763,0.192728796865763,0.18522886618802,0.023950233055617,0.004837373755072,0.000501392548512,0.005289045914981,0.024920318774093,0.034337688226652,0.000634072101185,2.96476232295075,2.64987723978375,3
0.192957725388065,0.192957725388065,0.185555386866496,0.023989794663994,0.004863569820701,0.000505143945907,0.005221606097733,0.024935875682235,0.034458048588635,0.000635088909173,2.91521099521656,2.66271778779564,3
0.19303719758446,0.19303719758446,0.185499597742544,0.023987736782032,0.004858192961794,0.000512160083662,0.005315058032105,0.024962796147935,0.034438331771303,0.000636357543852,2.89093805058734,2.64824183726071,3
0.193140587757363,0.193140587757363,0.185649114637288,0.024008177131003,0.004861478446258,0.00051381293469,0.005282634685969,0.024980592085376,0.034493481390682,0.000637263453937,2.91364266413604,2.65089485623293,3
0.192903528412833,0.192903528412833,0.185492032106589,0.023987657135854,0.004876339020315,0.000518222541182,0.005226638916987,0.024949304040414,0.034434593517564,0.000635871991474,2.91826268347758,2.6412491432352,3
0.967902081784941,0.967902081784941,0.930072796290865,0.120258058193992,0.025137614282777,0.002796680727218,0.026671301405187,0.125164094633075,0.865746290480073,0.016036849394059,2.95421486595255,2.52308109472032,3
0.966488808829002,0.966488808829002,0.928326676139356,0.120032543246883,0.024970236761512,0.002735959090493,0.02690632932473,0.124979364959789,0.862513885555969,0.015983023695249,2.89471155269339,2.51014525404318,3
0.965416257259581,0.965416257259581,0.927241818418824,0.119890672714958,0.024965617422069,0.002746345704269,0.026914879965996,0.124833281426728,0.860501317647725,0.015946907735834,2.89150956580961,2.49507508533117,3
0.966600252750178,0.966600252750178,0.928536694788554,0.1200455666495,0.024926682592665,0.002689091910824,0.026838857251327,0.124964809282092,0.862900237611235,0.01597727300467,2.93966520684509,2.48264669231929,3
0.966689702546262,0.966689702546262,0.928250607874136,0.120004409013411,0.024894297629511,0.002696556128798,0.027104607068888,0.124934094507339,0.862383360969913,0.015968111891996,2.93811935810391,2.54907897875748,3
0.96721433843359,0.96721433843359,0.928951699977682,0.12011435533634,0.024934849107579,0.002729256650738,0.026977128956508,0.125065455943773,0.86367854120117,0.016002425499268,2.92009334266309,2.52197357743111,3
0.966488808829002,0.966488808829002,0.928326676139356,0.120032543246883,0.024970236761512,0.002735959090493,0.02690632932473,0.124979364959789,0.862513885555969,0.015983023695249,2.89471155269339,2.51014525404318,3
0.965416257259581,0.965416257259581,0.927241818418824,0.119890672714958,0.024965617422069,0.002746345704269,0.026914879965996,0.124833281426728,0.860501317647725,0.015946907735834,2.89150956580961,2.49507508533117,3
1.08784948667704,1.08784948667704,1.04595395572481,0.135226287441639,0.028343548104772,0.003129222934404,0.029541124810279,0.140644934012104,1.09489177376606,0.020254670891382,2.88468691786661,2.48957776413587,3
1.08773983319915,1.08773983319915,1.04468003231306,0.135067374531944,0.028265230439622,0.003112559520358,0.030357666321498,0.140638494355551,1.09227734342616,0.020248456244825,2.95525261574219,2.5114696082334,3
1.08699686255939,1.08699686255939,1.04446729098086,0.135036463352026,0.028336834302612,0.00312103802642,0.029986786679001,0.140542289127599,1.09181052983264,0.020225908960966,2.98484125261462,2.53963647722438,3
1.0854494041195,1.0854494041195,1.04318886083235,0.134850636030113,0.028133026136116,0.002999958770202,0.029799347535841,0.140301933105078,1.08913040847751,0.02014802238538,2.93393106178641,2.53557537293528,3
1.08391732592236,1.08391732592236,1.04109327266836,0.134565847957385,0.028052241332152,0.003010954267473,0.030200568407455,0.140003856570299,1.0847866686779,0.020061323434072,2.91721457966187,2.54704839798395,3
1.08700745097128,1.08700745097128,1.04462646745245,0.135056201930828,0.028154090150478,0.003063587117604,0.029883561197197,0.140524639543988,1.09213688838053,0.020210707539186,2.88715149485689,2.49424887514158,3
1.08773983319915,1.08773983319915,1.04468003231306,0.135067374531944,0.028265230439622,0.003112559520358,0.030357666321498,0.140638494355551,1.09227734342616,0.020248456244825,2.95525261574219,2.5114696082334,3
1.08699686255939,1.08699686255939,1.04446729098086,0.135036463352026,0.028336834302612,0.00312103802642,0.029986786679001,0.140542289127599,1.09181052983264,0.020225908960966,2.98484125261462,2.53963647722438,3
1.04916639271097,1.04916639271097,1.00748036100402,0.1302535871563,0.027764234205817,0.003194917345042,0.029387379762719,0.135653134709958,1.0158797201527,0.01886592944173,2.95104072857467,2.43920424311038,3
1.048573342864,1.048573342864,1.00659621224874,0.130139059255732,0.027498530621569,0.003105248693313,0.029594247710861,0.135561181270643,1.01411117013141,0.018826722489379,2.94078169425714,2.44941486872462,3
1.04855620123092,1.04855620123092,1.00688949967542,0.130176537484777,0.027533233707722,0.003113405398795,0.029377166363927,0.135557063022403,1.01468890711492,0.018827534338076,2.93827000100411,2.44753138051168,3
1.04928133359962,1.04928133359962,1.00698939446984,0.130198271697391,0.027484746705112,0.003120735517626,0.029813978361006,0.135660499380134,1.01491592129823,0.018852452875311,2.93966226277906,2.45025066973367,3
1.05044755924793,1.05044755924793,1.00853617696062,0.130397021299233,0.02756658916786,0.003122958870102,0.029547477183135,0.135827171799043,1.01801769161062,0.018901453760628,2.91681755900052,2.43876654581079,3
1.04911827121418,1.04911827121418,1.00712221161339,0.130207085948946,0.027499726929887,0.003103054120083,0.029607447401143,0.135630731173452,1.01517116566603,0.01884533529922,2.93035717210088,2.44474753547674,3
1.048573342864,1.048573342864,1.00659621224874,0.130139059255732,0.027498530621569,0.003105248693313,0.029594247710861,0.135561181270643,1.01411117013141,0.018826722489379,2.94078169425714,2.44941486872462,3
1.04855620123092,1.04855620123092,1.00688949967542,0.130176537484777,0.027533233707722,0.003113405398795,0.029377166363927,0.135557063022403,1.01468890711492,0.018827534338076,2.93827000100411,2.44753138051168,3
1.32647554974504,1.32647554974504,1.27415177481285,0.164710218430593,0.034683118453321,0.003876903176832,0.036889579519166,0.171448283073996,1.62482267910845,0.030107523911851,2.85871941415415,2.39549897147203,3
1.32152566024872,1.32152566024872,1.26915544849963,0.164068353314975,0.034313360456214,0.003779523229697,0.036924208827366,0.170823486420451,1.61211804072237,0.029871725826755,2.8073214192406,2.40815468819154,3
1.3195118920219,1.3195118920219,1.26732179356895,0.163825199207616,0.03423264065242,0.003768336638658,0.036800090797073,0.170525324389426,1.60745787230637,0.029766111839855,2.74032411962743,2.40523791855123,3
1.32309396572461,1.32309396572461,1.27037517866042,0.164247179858867,0.034266903652679,0.003834490016143,0.037167576467648,0.171024338628026,1.61523360234447,0.029936056349043,2.76641368511402,2.47423780978272,3
1.32722852451919,1.32722852451919,1.27447680330082,0.164786969634589,0.034610328530842,0.003877821515047,0.037187146693402,0.171641025402829,1.6256730841085,0.030167505748992,2.790458387062,2.39264229905369,3
1.32584301438527,1.32584301438527,1.27299913542631,0.164562464153172,0.034395757521876,0.003778744452319,0.037257800467065,0.171349424115694,1.62191401706265,0.030054349527871,2.8698400572512,2.4008252468522,3
1.32152566024872,1.32152566024872,1.26915544849963,0.164068353314975,0.034313360456214,0.003779523229697,0.036924208827366,0.170823486420451,1.61211804072237,0.029871725826755,2.8073214192406,2.40815468819154,3
1.3195118920219,1.3195118920219,1.26732179356895,0.163825199207616,0.03423264065242,0.003768336638658,0.036800090797073,0.170525324389426,1.60745787230637,0.029766111839855,2.74032411962743,2.40523791855123,3
1.03750008111121,1.03750008111121,0.995719898008279,0.128761390953769,0.026908235257416,0.003007769863996,0.02945399919898,0.134216701691983,0.992325074999719,0.018437940754192,2.9755383645659,2.4338322347077,4
1.03720639851715,1.03720639851715,0.995382163676376,0.128718067446882,0.026910102598451,0.003009465750805,0.029484760559076,0.134178365782045,0.991654423302886,0.0184279235684,2.95288189518967,2.40355083821519,4
1.03730419172289,1.03730419172289,0.995357440869679,0.128715444692947,0.026874372566809,0.003003259971781,0.029570776223549,0.134191793641908,0.991610282947226,0.018429545423678,2.93308922926177,2.39818300607031,4
1.0374481831098,1.0374481831098,0.995668432665062,0.12874652618883,0.026911331915394,0.002993619122766,0.02945486809457,0.134201895468061,0.992222638667332,0.018434199386894,2.91016006623836,2.41212112582762,4
1.03736319616199,1.03736319616199,0.995438677231789,0.128716546100194,0.026893870740023,0.002999554835936,0.029556207517449,0.134171705613829,0.991771147152187,0.018425292760916,2.93393370179028,2.4258113236034,4
1.03750006222245,1.03750006222245,0.995719815355457,0.128761380371,0.026908203853436,0.003007757635251,0.029454044351904,0.134216695949961,0.992324913059706,0.01843793754848,2.97553829289218,2.43383272924062,4
1.03720639851715,1.03720639851715,0.995382163676376,0.128718067446882,0.026910102598451,0.003009465750805,0.029484760559076,0.134178365782045,0.991654423302886,0.0184279235684,2.95288189518967,2.40355083821519,4
1.03730628089122,1.03730628089122,0.995359929289457,0.128715763463722,0.026874220061663,0.00300318513607,0.029570497319955,0.134192048197421,0.991615220203988,0.018429604406685,2.93309172091104,2.39819419789599,4
1.15210495969129,1.15210495969129,1.10616017134505,0.143026796509614,0.030332961741843,0.003460517419988,0.032392028673514,0.148976132699468,1.22463886869601,0.022744078546887,2.93740951078617,2.3984001291937,4
1.15258990958965,1.15258990958965,1.10665640341321,0.143092742579339,0.030301458002745,0.003455886746456,0.032384152733105,0.14905094466426,1.22573642940812,0.022764092727312,2.92721553662588,2.3575433177183,4
1.15267052351159,1.15267052351159,1.10676309888136,0.143103920903415,0.030331000286562,0.003458940820676,0.032366172569693,0.149055721907035,1.22597142779287,0.022767284341057,2.9310770933997,2.34661604091855,4
1.15225926817741,1.15225926817741,1.10627775695682,0.143036686440312,0.030339360126015,0.003447519553397,0.032418322232345,0.14898866495061,1.22490072252202,0.022748138685225,2.94003915781428,2.38676093444843,4
1.15221503076915,1.15221503076915,1.10639736768159,0.143050342531977,0.030321797602619,0.003446896936195,0.032304333625788,0.148972864939877,1.22515800947044,0.022742443990109,2.92979439734467,2.37789497609897,4
1.15210513119503,1.15210513119503,1.1061605617328,0.143026846512875,0.030333054593783,0.003460552453031,0.032391873875653,0.148976164092548,1.22463972233721,0.02274409337759,2.93741003019389,2.39839751969787,4
1.15258990958965,1.15258990958965,1.10665640341321,0.143092742579339,0.030301458002745,0.003455886746456,0.032384152733105,0.14905094466426,1.22573642940812,0.022764092727312,2.92721553662588,2.3575433177183,4
1.15267451440528,1.15267451440528,1.10676790214798,0.143104536059798,0.030330730891096,0.003458805084258,0.032365604833382,0.149056207274969,1.22598202324636,0.022767410281467,2.9310807100351,2.34661716638503,4
0.919397815448031,0.919397815448031,0.882294839667492,0.114062816956491,0.023828963608469,0.002642401196546,0.02615627329529,0.118778130966388,0.77912787863616,0.014440926495924,2.4606378924821,2.46447106055398,4
0.918871396697243,0.918871396697243,0.881997825753561,0.114023995884599,0.023850235737267,0.002642479425131,0.025995279730206,0.118709530289233,0.778595468699215,0.014425920449855,2.48003320676923,2.46251969071656,4
0.918881080871076,0.918881080871076,0.882171244259717,0.114044114770753,0.023815898528122,0.002633322584934,0.025881622989914,0.118704472312987,0.778895516035059,0.014423102907355,2.47278938111181,2.4819562035544,4
0.918403585020307,0.918403585020307,0.881311654634884,0.113936920925118,0.023814183234277,0.002635891464852,0.026148456897202,0.118647737368535,0.777393518565517,0.014409779479411,2.49804670245293,2.47476268661333,4
0.918818754099763,0.918818754099763,0.882309460743012,0.114066025762802,0.023850108314424,0.002633278754209,0.025740420938737,0.11869823404703,0.77913211207388,0.014423277253062,2.48996579750152,2.48949467024975,4
0.919396774018278,0.919396774018278,0.882293063077389,0.114062591235013,0.023828734334128,0.002642316400455,0.026156792822976,0.118777982359924,0.779124770846727,0.014440880855236,2.46063838721706,2.46446898023191,4
0.918871396697243,0.918871396697243,0.881997825753561,0.114023995884599,0.023850235737267,0.002642479425131,0.025995279730206,0.118709530289233,0.778595468699215,0.014425920449855,2.48003320676923,2.46251969071656,4
0.918873274881386,0.918873274881386,0.882161701278078,0.114042888933868,0.023816352398447,0.002633554357217,0.025882839043796,0.118703493523809,0.778878741944559,0.014422896026745,2.47278696966295,2.48193496998053,4
1.12137567950017,1.12137567950017,1.07612960968673,0.139125447921729,0.028964215056694,0.003187103715868,0.031896757661962,0.144876277017773,1.15907166172508,0.021478242469005,2.4450360746976,2.47740488851581,4
1.12019211170949,1.12019211170949,1.07561334425929,0.139053967471537,0.029014735407659,0.003193657574711,0.031430003641143,0.144711278402152,1.15793125291411,0.021434186399282,2.45988366296579,2.46955312729187,4
1.1206032856277,1.1206032856277,1.075520429342,0.139044689855568,0.028920283220199,0.003176967572341,0.031783082070725,0.144765782243075,1.15775368479503,0.021444228961512,2.43523519384946,2.47168174848727,4
1.12349304884545,1.12349304884545,1.07819465918228,0.139392040749247,0.029071141323725,0.003207819214802,0.031934211390864,0.14514752836973,1.16352283708376,0.021561806166508,2.44944420831649,2.42566777759502,4
1.12347053107052,1.12347053107052,1.07850478460684,0.139433359236978,0.02907038969296,0.003210378010437,0.031700728679315,0.145150315854561,1.16417683666117,0.021562558179702,2.47545221166435,2.46644117363901,4
1.12137567950017,1.12137567950017,1.07612960968673,0.139125447921729,0.028964215056694,0.003187103715868,0.031896757661962,0.144876277017773,1.15907166172508,0.021478242469005,2.4450360746976,2.47740488851581,4
1.12019211170949,1.12019211170949,1.07561334425929,0.139053967471537,0.029014735407659,0.003193657574711,0.031430003641143,0.144711278402152,1.15793125291411,0.021434186399282,2.45988366296579,2.46955312729187,4
1.1206032856277,1.1206032856277,1.075520429342,0.139044689855568,0.028920283220199,0.003176967572341,0.031783082070725,0.144765782243075,1.15775368479503,0.021444228961512,2.43523519384946,2.47168174848727,4
1.38137204212132,1.38137204212132,1.32680728830202,0.171567820186163,0.036128969404558,0.004110514848297,0.038471249663315,0.178608736963533,1.76189663065065,0.032674698667949,2.76148311354386,2.68569342183488,4
1.37924160632339,1.37924160632339,1.32514007061425,0.171356815385338,0.036093707334458,0.004108712896576,0.038146364258921,0.17836450879423,1.757450381757,0.032586422073262,2.76922621496059,2.66527121674404,4
1.37276805353299,1.37276805353299,1.31890284671601,0.170549324044214,0.035872839148983,0.004066977027373,0.037979767621824,0.177512586508226,1.74094622018236,0.032272400317969,2.75945991023915,2.65667468143716,4
1.3720576563552,1.3720576563552,1.31858804938549,0.170490381092369,0.035792689834781,0.004019887356666,0.037705714182181,0.17737936279516,1.74009521705029,0.032220164352132,2.7625651298582,2.66279501863009,4
1.37671875694038,1.37671875694038,1.32212356425367,0.170950392419457,0.0358005149493,0.00403276439659,0.038494753128218,0.17796161803047,1.74949157727587,0.032424175404458,2.76874478027896,2.68303621660403,4
1.38137162718078,1.38137162718078,1.32680659389638,0.171567731426424,0.036128875244196,0.004110481358967,0.038471446880036,0.17860867600122,1.76189480313048,0.032674670450271,2.76148241554264,2.68569465073765,4
1.37924160632339,1.37924160632339,1.32514007061425,0.171356815385338,0.036093707334458,0.004108712896576,0.038146364258921,0.17836450879423,1.757450381757,0.032586422073262,2.76922621496059,2.66527121674404,4
1.37276756066645,1.37276756066645,1.318902241539,0.170549246567219,0.035872868767576,0.004066992121566,0.037979846054783,0.177512526338369,1.74094462979713,0.032272381437195,2.75946095822272,2.65667454584403,4
1.63514510751301,1.63514510751301,1.57177085912219,0.203221460206192,0.0432529175148,0.00489280224762,0.044687859933302,0.211388235797353,2.47245930707456,0.045811051336501,2.90912337086846,2.60676897156169,4
1.62975226404633,1.62975226404633,1.56663268340639,0.202550647748353,0.042795963190715,0.004836243692335,0.044512567730419,0.210634424544376,2.4563180124906,0.045458907588509,2.90515942497069,2.72159939738186,4
1.62617372029385,1.62617372029385,1.56252828542757,0.202042593099426,0.042562738691937,0.004810840897251,0.044875884625539,0.210257592023649,2.44350714521879,0.045283037478482,2.89585989824878,2.73053347752351,4
1.62929983523719,1.62929983523719,1.56699895118255,0.202598936294031,0.043098109260728,0.004858888907911,0.043937938445884,0.210578937610516,2.45741496841378,0.045461877837604,2.95057345830255,2.60946485183054,4
1.63545967380504,1.63545967380504,1.57044330158243,0.203039377763093,0.042921728917423,0.00483422188386,0.045840642489735,0.211351126282591,2.46839212707933,0.045767085084498,3.00236687523325,2.60394275155251,4
1.63514814086782,1.63514814086782,1.57177563647787,0.203222071274709,0.043253443226433,0.004892982201047,0.044686629259676,0.211388668678065,2.47247421499679,0.045811276775669,2.90912750734677,2.60675874161159,4
1.62975226404633,1.62975226404633,1.56663268340639,0.202550647748353,0.042795963190715,0.004836243692335,0.044512567730419,0.210634424544376,2.4563180124906,0.045458907588509,2.90515942497069,2.72159939738186,4
1.62619256060033,1.62619256060033,1.56255160465911,0.20204557801654,0.042561667244396,0.004810292905146,0.044872752886149,0.210259901752652,2.44357973879837,0.045283901365574,2.89584821955332,2.73052903231855,4
1.42994132257093,1.42994132257093,1.3729473047621,0.177513298233854,0.037718661729783,0.004352864748118,0.040182179559356,0.184837268285472,1.88659783280263,0.035018099594134,2.78396940447556,2.63640876783972,4
1.42925043636807,1.42925043636807,1.3726532439078,0.177473386447619,0.03776076587727,0.004345498694361,0.039904118919458,0.184729067047245,1.88576820515821,0.034981956514914,2.79296783164055,2.70036325324126,4
1.42808147557644,1.42808147557644,1.37111774978894,0.177276297303452,0.037700042415772,0.004355324973868,0.040160273239463,0.18459070824022,1.88157565610126,0.034927127273967,2.82416576194144,2.69332327310145,4
1.4295276333534,1.4295276333534,1.37281904330219,0.177494731085236,0.037644119102068,0.004341327678425,0.039982501463719,0.184792485008346,1.88622966034282,0.034996204509938,2.80475036261583,2.62674569661775,4
1.4300801203688,1.4300801203688,1.37295114570891,0.177504883119936,0.037707734290793,0.004335293715065,0.04027768566567,0.184839123836246,1.88661605893801,0.035017949897554,2.82409575049605,2.63035961962337,4
1.42994085629127,1.42994085629127,1.37294636749297,0.177513178486716,0.037718475993962,0.004352795081916,0.040182512459905,0.184837191579635,1.88659528589686,0.03501805769917,2.78396833913818,2.63641263826193,4
1.42925043636807,1.42925043636807,1.3726532439078,0.177473386447619,0.03776076587727,0.004345498694361,0.039904118919458,0.184729067047245,1.88576820515821,0.034981956514914,2.79296783164055,2.70036325324126,4
1.42807736457053,1.42807736457053,1.37111277653116,0.177275660100338,0.037700307490612,0.004355459933694,0.040160876538773,0.184590205562722,1.88156206670736,0.034926964774746,2.82416788829581,2.69331615864035,4
1.63514510751301,1.63514510751301,1.57177085912219,0.203221460206192,0.0432529175148,0.00489280224762,0.044687859933302,0.211388235797353,2.47245930707456,0.045811051336501,2.90912337086846,2.60676897156169,4
1.62975226404633,1.62975226404633,1.56663268340639,0.202550647748353,0.042795963190715,0.004836243692335,0.044512567730419,0.210634424544376,2.4563180124906,0.045458907588509,2.90515942497069,2.72159939738186,4
1.62617372029385,1.62617372029385,1.56252828542757,0.202042593099426,0.042562738691937,0.004810840897251,0.044875884625539,0.210257592023649,2.44350714521879,0.045283037478482,2.89585989824878,2.73053347752351,4
1.62929983523719,1.62929983523719,1.56699895118255,0.202598936294031,0.043098109260728,0.004858888907911,0.043937938445884,0.210578937610516,2.45741496841378,0.045461877837604,2.95057345830255,2.60946485183054,4
1.63545967380504,1.63545967380504,1.57044330158243,0.203039377763093,0.042921728917423,0.00483422188386,0.045840642489735,0.211351126282591,2.46839212707933,0.045767085084498,3.00236687523325,2.60394275155251,4
1.63514814086782,1.63514814086782,1.57177563647787,0.203222071274709,0.043253443226433,0.004892982201047,0.044686629259676,0.211388668678065,2.47247421499679,0.045811276775669,2.90912750734677,2.60675874161159,4
1.62975226404633,1.62975226404633,1.56663268340639,0.202550647748353,0.042795963190715,0.004836243692335,0.044512567730419,0.210634424544376,2.4563180124906,0.045458907588509,2.90515942497069,2.72159939738186,4
1.62619256060033,1.62619256060033,1.56255160465911,0.20204557801654,0.042561667244396,0.004810292905146,0.044872752886149,0.210259901752652,2.44357973879837,0.045283901365574,2.89584821955332,2.73052903231855,4
1.52031026240965,1.52031026240965,1.45937334416293,0.188709718874794,0.039787800609015,0.00453008214984,0.042960128523085,0.196672831686504,2.13161489991425,0.039618601755498,2.84743641975997,2.55816043168557,4
1.52299939706913,1.52299939706913,1.4609262617024,0.18891865259094,0.039765887382301,0.00452832653701,0.043755481987749,0.197014730613395,2.13621880797425,0.039749216476659,2.81402045083587,2.56343990808574,4
1.51995938995136,1.51995938995136,1.45892818474724,0.188670332959508,0.039795965472262,0.004545394377121,0.043024245073307,0.19669111894965,2.13032129985691,0.039626325203641,2.77123934205474,2.54566782011975,4
1.51653819308315,1.51653819308315,1.45537721309767,0.188169945341789,0.039779441447225,0.004485545855803,0.043119051095003,0.196118485729767,2.11998084546956,0.039403823399374,2.80085931502382,2.49225687431276,4
1.51774814173554,1.51774814173554,1.45629423869384,0.188288094974104,0.039623028773976,0.004475167048813,0.04332624590035,0.1962715222356,2.12266882179429,0.039450453009225,2.81699570718508,2.5397396443881,4
1.52030999519041,1.52030999519041,1.45937196672803,0.188709541397749,0.039787253651209,0.004529870624322,0.042960913911156,0.19667273657163,2.13161094696897,0.039618521441837,2.84744055455766,2.55816436558929,4
1.52299939706913,1.52299939706913,1.4609262617024,0.18891865259094,0.039765887382301,0.00452832653701,0.043755481987749,0.197014730613395,2.13621880797425,0.039749216476659,2.81402045083587,2.56343990808574,4
1.51996840069336,1.51996840069336,1.45893894666023,0.188671710278536,0.039795292657797,0.004545069769158,0.043023023859972,0.196692214210991,2.13035259667706,0.039626695330089,2.77124715774028,2.54566825432629,4
1.3869658033853,1.3869658033853,1.33223757657773,0.172226752203814,0.035826487511645,0.003807621668229,0.038588901630651,0.179034927805405,1.7763450710392,0.032802817492137,2.47137102663456,2.6324276153705,4
1.39138076756176,1.39138076756176,1.33779423238962,0.172914659366486,0.03572022390344,0.003725581128091,0.037795794698898,0.179550971315215,1.79112097796378,0.032977176507612,2.36368881372214,2.69928946867294,4
1.3947301030149,1.3947301030149,1.33668791916778,0.172802527047033,0.036069034892482,0.003848572520096,0.040907612812946,0.180047900619611,1.78840691041328,0.033177934353646,2.43692021399973,2.44774701925498,4
1.4016746127206,1.4016746127206,1.34973200537489,0.174461372651586,0.037532696913286,0.004129288158943,0.036641869039987,0.180843681836244,1.82311821781569,0.033568066643338,2.42411387265534,2.83702686231853,4
1.38803820894724,1.38803820894724,1.33190076177018,0.172179346062301,0.036204522845452,0.003950480180277,0.039574023257052,0.179180515946396,1.77552469845187,0.032881330481037,2.53326415934655,2.79359429805952,4
1.38696686191255,1.38696686191255,1.33223912123529,0.172226948616991,0.035826581081641,0.003807651644995,0.038588558841957,0.179035065735047,1.77634916030536,0.032802872762039,2.47137168159187,2.63243287300766,4
1.39138076756176,1.39138076756176,1.33779423238962,0.172914659366486,0.03572022390344,0.003725581128091,0.037795794698898,0.179550971315215,1.79112097796378,0.032977176507612,2.36368881372214,2.69928946867294,4
1.39473229436729,1.39473229436729,1.33669066124482,0.172802878761757,0.036068924996714,0.003848517601889,0.040907227941776,0.180048178135234,1.78841420955612,0.033178024692739,2.43691889606868,2.44775086795722,4
2.12027926333623,2.12027926333623,2.0391277816966,0.26366198630574,0.051749531472416,0.0050760923085,0.057240253912059,0.273954163889554,4.16131637245706,0.076478049854832,2.49338756610484,2.58556818637488,5
2.12718733369254,2.12718733369254,2.04464344835511,0.264373559190403,0.051931742899564,0.005117416681105,0.058215631410003,0.274852473515216,4.18395363126878,0.076981723414728,2.49400560158326,2.49492361002804,5
2.13304327634981,2.13304327634981,2.05086894707423,0.265186668726374,0.051943811609272,0.005128989564367,0.057956185788544,0.275671692519929,4.20942011826491,0.077426460253689,2.46548292645116,2.56037220194003,5
2.13388793335884,2.13388793335884,2.05036540954205,0.265142055647096,0.052147218328696,0.005210382038606,0.058896945857723,0.275738249428835,4.20746485031106,0.077483721540864,2.5175941669635,2.6731347001469,5
2.12519868395227,2.12519868395227,2.0431222663801,0.264225101772327,0.051988683830063,0.005180655605772,0.057877171868168,0.274756858605764,4.17769612922362,0.076935965741442,2.48531252900682,2.59543347496403,5
2.12027926333623,2.12027926333623,2.0391277816966,0.26366198630574,0.051749531472416,0.0050760923085,0.057240253912059,0.273954163889554,4.16131637245706,0.076478049854832,2.49338756610484,2.58556818637488,5
2.12718733369254,2.12718733369254,2.04464344835511,0.264373559190403,0.051931742899564,0.005117416681105,0.058215631410003,0.274852473515216,4.18395363126878,0.076981723414728,2.49400560158326,2.49492361002804,5
2.13304327634981,2.13304327634981,2.05086894707423,0.265186668726374,0.051943811609272,0.005128989564367,0.057956185788544,0.275671692519929,4.20942011826491,0.077426460253689,2.46548292645116,2.56037220194003,5
2.09672596621388,2.09672596621388,2.01313033529079,0.260295148229676,0.05188677907868,0.005294893273041,0.05893870860936,0.270923271793194,4.05616520239298,0.07486833338897,2.56279507565554,2.65870042493012,5
2.09876022440303,2.09876022440303,2.01866092760488,0.260994926288211,0.052058297650255,0.005299808918653,0.056493244547843,0.271171111249747,4.07818129966035,0.075018275071058,2.49224702843651,2.81346139813436,5
2.0894293195193,2.0894293195193,2.00821455390598,0.259655001471465,0.051618013320502,0.005221541849569,0.05727210821373,0.269993282304259,4.03620360216945,0.074345852247092,2.49682501114773,2.49340362136943,5
2.08216636087963,2.08216636087963,2.00159496019782,0.25879700586152,0.051593122555494,0.005258543761254,0.056819568094736,0.269030110275354,4.00960869569887,0.073832763859216,2.4440830490115,2.44501906786041,5
2.09308016383874,2.09308016383874,2.01383289063155,0.260358877361613,0.051554163801831,0.005149607141711,0.055901890078348,0.270424921529416,4.05864584935618,0.074568642686427,2.54593140899391,2.59661709766964,5
2.09672596621388,2.09672596621388,2.01313033529079,0.260295148229676,0.05188677907868,0.005294893273041,0.05893870860936,0.270923271793194,4.05616520239298,0.07486833338897,2.56279507565554,2.65870042493012,5
2.09876022440303,2.09876022440303,2.01866092760488,0.260994926288211,0.052058297650255,0.005299808918653,0.056493244547843,0.271171111249747,4.07818129966035,0.075018275071058,2.49224702843651,2.81346139813436,5
2.0894293195193,2.0894293195193,2.00821455390598,0.259655001471465,0.051618013320502,0.005221541849569,0.05727210821373,0.269993282304259,4.03620360216945,0.074345852247092,2.49682501114773,2.49340362136943,5
1.38848391677842,1.38848391677842,1.33490662068676,0.17258348198701,0.033733517374584,0.003237525662618,0.03778472656786,0.17939862718777,1.78340241972479,0.032785419840704,2.09214013675734,2.38238419714777,5
1.38561076214792,1.38561076214792,1.332084996933,0.172220264551641,0.033628371628056,0.00322980488796,0.03774765912931,0.179040348047958,1.77587437489988,0.032652056170337,2.06275689139636,2.33935037346064,5
1.3848101337825,1.3848101337825,1.33157602359363,0.172152904644758,0.03361975482472,0.003232376865939,0.037543794543484,0.178931876040175,1.77450330342714,0.032613293906677,2.05157254262258,2.43421744905383,5
1.38676270551465,1.38676270551465,1.33341732312258,0.172384947448892,0.033658266557446,0.003209844561724,0.037623434258381,0.179170011566212,1.77941633672693,0.032699740401545,2.08364317738284,2.4033686409329,5
1.38869999022906,1.38869999022906,1.33504858974953,0.172593751075573,0.033734584270643,0.003220947778312,0.037839187783176,0.179392180394188,1.78378558658821,0.032783217322718,2.12504549964298,2.42157903242639,5
1.38848391677842,1.38848391677842,1.33490662068676,0.17258348198701,0.033733517374584,0.003237525662618,0.03778472656786,0.17939862718777,1.78340241972479,0.032785419840704,2.09214013675734,2.38238419714777,5
1.38561076214792,1.38561076214792,1.332084996933,0.172220264551641,0.033628371628056,0.00322980488796,0.03774765912931,0.179040348047958,1.77587437489988,0.032652056170337,2.06275689139636,2.33935037346064,5
1.3848101337825,1.3848101337825,1.33157602359363,0.172152904644758,0.03361975482472,0.003232376865939,0.037543794543484,0.178931876040175,1.77450330342714,0.032613293906677,2.05157254262258,2.43421744905383,5
1.58562450649009,1.58562450649009,1.52434924543413,0.197063197311361,0.038821000305656,0.003776056540215,0.04321361059885,0.204843685574676,2.32550679325248,0.042768656659218,2.13505281282246,2.24205284865203,5
1.5866222127833,1.5866222127833,1.52524130305935,0.197183594821433,0.038719963549821,0.003769326040414,0.04328676142651,0.205004959625977,2.32823352711052,0.042825818490694,2.16962382522628,2.35558323769972,5
1.58632788115275,1.58632788115275,1.52485591587403,0.197134045872539,0.038784277107923,0.00378314986177,0.043350699473923,0.204956462695039,2.32706359446549,0.042811252557906,2.21545878255744,2.3326690895873,5
1.5859855326625,1.5859855326625,1.52470425866857,0.197113480221827,0.038802662468177,0.003777836452948,0.043217584009466,0.204902544413267,2.32658959079665,0.042790948443199,2.16340434349162,2.34919081108161,5
1.58528726727725,1.58528726727725,1.52405000294251,0.197026636588442,0.038786649810352,0.003766806113761,0.043186811901472,0.204807333593174,2.3245922687908,0.042751347365497,2.13787452359671,2.27997311452126,5
1.58562450649009,1.58562450649009,1.52434924543413,0.197063197311361,0.038821000305656,0.003776056540215,0.04321361059885,0.204843685574676,2.32550679325248,0.042768656659218,2.13505281282246,2.24205284865203,5
1.5866222127833,1.5866222127833,1.52524130305935,0.197183594821433,0.038719963549821,0.003769326040414,0.04328676142651,0.205004959625977,2.32823352711052,0.042825818490694,2.16962382522628,2.35558323769972,5
1.58632788115275,1.58632788115275,1.52485591587403,0.197134045872539,0.038784277107923,0.00378314986177,0.043350699473923,0.204956462695039,2.32706359446549,0.042811252557906,2.21545878255744,2.3326690895873,5
1.85289303951262,1.85289303951262,1.78056945669671,0.230149129186486,0.050493695049765,0.006015769746672,0.050994083771514,0.239510583502493,3.1730262531032,0.058958844189322,2.98557547201071,2.64822462104916,5
1.8514346663307,1.8514346663307,1.77911200015005,0.229959354071555,0.05063238546617,0.006046991113216,0.05099275887036,0.239308314500842,3.16783803702748,0.058877633357408,2.9923894100605,2.68877470325878,5
1.85245766527647,1.85245766527647,1.78031992882416,0.230103766260528,0.050858623136562,0.006085417598961,0.050865260251115,0.239406293150675,3.17212459881909,0.058946716527491,2.99398445053134,2.69628218148292,5
1.85375205651591,1.85375205651591,1.78095501909256,0.230174297030876,0.050613753207108,0.005993565351178,0.0513268328508,0.239560888458039,3.17443346750564,0.058994680971202,3.00195203927741,2.69936856212111,5
1.85423644452212,1.85423644452212,1.78153078884096,0.230240708629803,0.050572042288317,0.005987206945635,0.051266958223463,0.239560899423676,3.1764785003931,0.058990465585014,3.00168590404529,2.68871935556624,5
1.85289303951262,1.85289303951262,1.78056945669671,0.230149129186486,0.050493695049765,0.006015769746672,0.050994083771514,0.239510583502493,3.1730262531032,0.058958844189322,2.98557547201071,2.64822462104916,5
1.8514346663307,1.8514346663307,1.77911200015005,0.229959354071555,0.05063238546617,0.006046991113216,0.05099275887036,0.239308314500842,3.16783803702748,0.058877633357408,2.9923894100605,2.68877470325878,5
1.85245766527647,1.85245766527647,1.78031992882416,0.230103766260528,0.050858623136562,0.006085417598961,0.050865260251115,0.239406293150675,3.17212459881909,0.058946716527491,2.99398445053134,2.69628218148292,5
2.10461739457193,2.10461739457193,2.02409008222008,0.261596837021724,0.059279512203921,0.007366778841648,0.056778508144789,0.271896484985759,4.10016231072951,0.076209630805619,2.99275187581287,2.65662332905709,5
2.09004790904068,2.09004790904068,2.00768023432251,0.259491141406837,0.057425748855751,0.006899457541736,0.058071628287911,0.270090801106156,4.03414998909195,0.07503094012644,2.99197489536314,2.65406484553984,5
2.08508789635374,2.08508789635374,2.00378730104582,0.258995821145359,0.057446636366584,0.006932337108214,0.057322369200992,0.269469341585655,4.01844721127398,0.074703613316864,2.98754825278678,2.66233266026821,5
2.10273626357836,2.10273626357836,2.02275555861608,0.261330742323895,0.057991171741548,0.006789355802344,0.056422236821507,0.271498523437477,4.09472139640766,0.075845900091542,2.96999475021101,2.66863867274124,5
2.10621390961211,2.10621390961211,2.02010153697538,0.261077038961449,0.058130434206744,0.006978371172126,0.060691839113619,0.27211443399102,4.08449126335903,0.076191308147547,2.96652454256677,2.68406451168739,5
2.10461739457193,2.10461739457193,2.02409008222008,0.261596837021724,0.059279512203921,0.007366778841648,0.056778508144789,0.271896484985759,4.10016231072951,0.076209630805619,2.99275187581287,2.65662332905709,5
2.09004790904068,2.09004790904068,2.00768023432251,0.259491141406837,0.057425748855751,0.006899457541736,0.058071628287911,0.270090801106156,4.03414998909195,0.07503094012644,2.99197489536314,2.65406484553984,5
2.08508789635374,2.08508789635374,2.00378730104582,0.258995821145359,0.057446636366584,0.006932337108214,0.057322369200992,0.269469341585655,4.01844721127398,0.074703613316864,2.98754825278678,2.66233266026821,5
0.512033783509555,0.512033783509555,0.49101969548955,0.063455126747718,0.014026009730548,0.001682348993528,0.014813077896946,0.066094229020704,0.24131962235058,0.004492368606972,2.94594452435034,2.10661874269989,5
0.512310850044247,0.512310850044247,0.491285587622168,0.063489206538702,0.014018284325372,0.00167996162366,0.014821053236106,0.066128059167768,0.241581045781875,0.004496550501235,2.86281946554528,1.87168412066956,5
0.512517143296697,0.512517143296697,0.491458858619916,0.063511650541337,0.014037743656184,0.001684469247204,0.014844138697262,0.066155801906652,0.241752011270685,0.004500705204104,2.76828870604555,1.76797241681243,5
0.51249819242497,0.51249819242497,0.491537069083266,0.063530231257335,0.014052222779182,0.001705641577452,0.01477505021841,0.066165609386448,0.241826846857184,0.004502388032758,2.79347620609693,2.16629793437968,5
0.512504423207468,0.512504423207468,0.491607379328574,0.063541429519767,0.01409707818124,0.001712398323818,0.014729869048304,0.066189369935517,0.241894639806462,0.004506743094168,2.87025845618235,2.11260978129028,5
0.512033783509555,0.512033783509555,0.49101969548955,0.063455126747718,0.014026009730548,0.001682348993528,0.014813077896946,0.066094229020704,0.24131962235058,0.004492368606972,2.94594452435034,2.10661874269989,5
0.512310850044247,0.512310850044247,0.491285587622168,0.063489206538702,0.014018284325372,0.00167996162366,0.014821053236106,0.066128059167768,0.241581045781875,0.004496550501235,2.86281946554528,1.87168412066956,5
0.512517143296697,0.512517143296697,0.491458858619916,0.063511650541337,0.014037743656184,0.001684469247204,0.014844138697262,0.066155801906652,0.241752011270685,0.004500705204104,2.76828870604555,1.76797241681243,5
0.636913471183421,0.636913471183421,0.611024822612497,0.078960574244054,0.017684724731308,0.002150229729345,0.018249877296119,0.082204250188261,0.373684169831276,0.006957662592019,3.02933769400722,2.27097693773185,5
0.637903908902962,0.637903908902962,0.612082921902826,0.079096241162695,0.017735657632143,0.002157400719108,0.018202760246133,0.082333756484017,0.374976622872023,0.006980420217468,3.03283259968352,2.27623721447931,5
0.638556523201639,0.638556523201639,0.612426445941316,0.079142188128454,0.017701950777954,0.002149905683437,0.018419063172148,0.082417945411163,0.375405187401859,0.006992864825046,3.04850010307875,2.27677936481377,5
0.637846519518841,0.637846519518841,0.61207083827947,0.079099191282312,0.017740810103569,0.002163862490394,0.018170488607528,0.082340252985041,0.374960657617265,0.006981654983744,3.05262549621844,2.28179812695113,5
0.636743925843543,0.636743925843543,0.610943534728134,0.078951981260572,0.01770740384747,0.002162249301198,0.018187804387978,0.082194324812628,0.373582578323745,0.006956860731898,3.05632504242557,2.27348855121999,5
0.636913471183421,0.636913471183421,0.611024822612497,0.078960574244054,0.017684724731308,0.002150229729345,0.018249877296119,0.082204250188261,0.373684169831276,0.006957662592019,3.02933769400722,2.27097693773185,5
0.637903908902962,0.637903908902962,0.612082921902826,0.079096241162695,0.017735657632143,0.002157400719108,0.018202760246133,0.082333756484017,0.374976622872023,0.006980420217468,3.03283259968352,2.27623721447931,5
0.638556523201639,0.638556523201639,0.612426445941316,0.079142188128454,0.017701950777954,0.002149905683437,0.018419063172148,0.082417945411163,0.375405187401859,0.006992864825046,3.04850010307875,2.27677936481377,5
